{
  "RMSE": {
    "MA": 2332.9182205636,
    "ARIMA": 4227.3666030338,
    "Linear": 2275.3605183051,
    "KNN": 3734.2051540469,
    "SVM": 1391.168124407,
    "LSTM": 422.7335991514
  },
  "RMSE_": {
    "MA": 0,
    "ARIMA": 0,
    "Linear": 2496.2476340033,
    "KNN": 5251.4691401813,
    "SVM": 1391.168124407,
    "LSTM": 0
  },
  "RMSE_30": {
    "MA": 0,
    "ARIMA": 0,
    "Linear": 0,
    "KNN": 0,
    "SVM": 0,
    "LSTM": 644.4181697947
  },
  "RMSE_60": {
    "MA": 0,
    "ARIMA": 0,
    "Linear": 0,
    "KNN": 0,
    "SVM": 0,
    "LSTM": 422.7335991514
  },
  "RMSE_90": {
    "MA": 0,
    "ARIMA": 0,
    "Linear": 0,
    "KNN": 0,
    "SVM": 0,
    "LSTM": 947.7670034734
  },
  "RMSE_GT": {
    "MA": 0,
    "ARIMA": 0,
    "Linear": 2275.3605183051,
    "KNN": 3734.2051540469,
    "SVM": 1445.5885633767,
    "LSTM": 0
  },
  "RMSE_T": {
    "MA": 0,
    "ARIMA": 0,
    "Linear": 2295.5956328104,
    "KNN": 4382.2454137363,
    "SVM": 1427.30281113,
    "LSTM": 0
  }
}